Numero_Commande,Jour,Prix_Min_Article,Prix_Max_Article,Quantite_Article_Panier,Prix_Total_Panier
1,0,51.68725388003914,54.286294886222926,7,696.7222243776262
2,0,45.926020578421586,48.47036209865045,8,367.36645949442834
3,0,20.952248040724964,55.129087691461386,8,412.9764499967571
4,0,42.81715204233186,64.7357341292871,7,553.0255870834756
5,0,48.63505997784601,58.95479149754005,9,445.61568814959344
6,0,48.149367211517344,67.14035685059493,9,586.191932498209
7,0,37.54024198004062,54.96061965701496,8,520.7909387551166
8,0,38.7494162314716,53.61307649164952,8,527.7903330770268
9,0,23.781049151245288,64.20819398511196,8,590.5016616981964
10,0,43.19251624596824,56.35965270271275,6,504.08640276382323
11,0,18.35943975822662,34.96537818771804,7,554.337540875164
12,0,46.56588324528972,60.956884034875735,7,771.5135238434732
13,0,29.18094980258689,69.99533567916221,7,575.1951043125866
14,0,60.498248168891344,65.68845583303226,9,669.0282219289577
15,0,54.668414831988066,56.365826819558805,6,561.2774460869504
16,0,35.230774210439876,58.83000747482242,6,510.2100630696003
17,0,42.03530201782294,43.48594232123228,9,289.34795806291066
18,0,29.25947373847754,52.58046690520037,6,582.2595745207341
19,0,44.791491034961304,72.57751224154896,5,528.3618578911413
20,0,61.92067621524553,69.90432105278384,6,773.0182876338172
21,0,28.933050042857953,38.086384406243795,7,450.66399241363047
22,0,30.174267578802603,31.361491924570483,8,563.2346267149394
23,0,35.447703705628086,44.485753868400444,8,408.1734665416996
24,0,33.69935265004359,50.714487659062314,8,888.3187731754836
25,0,46.96764475499453,73.3965329405992,7,494.46095138384396
26,0,58.702628494532426,59.41247501103243,6,515.2270208021816
27,0,48.09717716697799,89.20061228233334,6,849.8527225757146
28,0,30.480194222817403,60.0982516277977,7,735.209425121865
29,0,49.82413157977945,56.1859073301337,7,702.9132593541159
30,0,36.03239079559317,78.24860520110929,7,683.8204501797541
31,0,39.43543725091719,39.5423038774539,8,856.1268334100391
32,0,29.604805350976278,58.161123159077434,7,476.2886292645746
33,0,36.04761038025276,66.12203205826395,6,652.7443121005143
34,0,54.64338878256566,54.79513935618802,8,454.62144785244504
35,0,44.37497087289976,46.02053787718038,6,432.79153070320075
36,0,43.9973246549906,45.23884286672327,8,334.28881407350286
37,0,23.1377852358929,25.022891857660007,8,495.8066478627726
38,0,45.85858555401032,58.490188259483055,7,666.5270796273228
39,0,26.019903212422754,53.11708524828035,8,653.4678043302038
40,0,23.246347037225668,55.986753545557065,4,693.27407929903
41,0,53.86639960640398,60.9482159369236,9,355.77443078267856
42,0,53.181480021020896,70.99287831729376,6,578.6319429805257
43,0,28.31385074752389,38.39568563335695,7,721.10922519964
44,0,48.479977363948706,62.40042461051517,9,650.6931921204681
45,0,49.07400761276352,59.045528854332964,9,456.10984457832024
46,0,25.156360660410456,44.025216114849584,5,584.9920462783888
47,0,39.99866016117639,53.62766692430285,6,495.2587548173086
48,0,54.756781989689706,61.10311592085897,7,561.1049767821044
49,0,50.12032821269591,82.57106747161387,8,471.78552521331017
50,0,22.949595299992552,55.39589915467004,6,595.3334677352248
51,0,46.24519070305472,69.83324041689406,8,525.8259486032933
52,0,39.22767431333927,42.07107855577405,9,437.9953399190995
53,0,45.25797634816408,72.11786456211968,7,552.6891749139176
54,0,17.996852716066673,49.665629048596244,6,496.65262851173617
55,0,47.6222676052872,57.437560952753245,6,417.3151885183821
56,0,59.01792374463615,64.67876061616612,7,528.2465420990571
57,0,36.63530941024541,44.54500546113847,8,532.3491110789867
58,0,41.864750301124204,58.11853150798655,7,477.53835197181513
59,0,43.25934794964359,55.962547897814744,7,651.1674990682127
60,0,37.9556681655214,64.76007683876838,6,512.5021848981999
61,0,35.818740559703265,66.49996746685595,7,376.09183193811157
62,0,50.57565841980878,57.31517480883418,8,527.3600064955675
63,0,57.50905967786735,79.90114572813233,7,587.1638672513683
64,0,58.98104330515171,65.88956971827605,6,551.565547491589
65,0,50.486279775267434,59.52353532603357,6,524.1813788556603
66,0,38.90737836096835,48.14961097106218,7,696.3754960073976
67,0,41.58082427072902,46.17398809419433,8,457.1751664141672
68,0,30.443765897652757,72.2217665281382,7,772.480120806605
69,0,45.385555381453464,67.77311683794821,4,275.5764399011589
70,0,50.84020749885493,73.29324548724372,7,595.7314108968119
71,0,36.874222041088544,50.177717704772896,8,565.2856541053912
72,0,34.36059619178808,54.86512519088987,7,509.7069075834522
73,0,38.62691550740779,39.74361821281735,6,553.9039300150835
74,0,35.42350786187718,46.400795848866245,8,568.1550393800709
75,0,26.184213872435084,57.917626991671945,8,480.56961620401
76,0,34.4058549260277,39.57936857982626,7,876.3161627584552
77,0,17.052341816851992,22.355497133497902,7,352.6814927784712
78,0,42.72266227536596,61.134840110328085,8,572.0842457707673
79,0,37.36180439060552,52.215743267269424,4,434.2924651342744
80,0,30.01311033546339,49.48870359948025,8,361.94796218536646
81,0,58.5562938117366,59.63936818861742,7,779.8958324825919
82,0,20.463604851897372,43.448296828656396,7,529.0777167974737
83,0,44.02842124163888,44.35598315648314,6,704.7798445526666
84,0,36.666008556743506,52.328314786967105,7,544.9827970532642
85,0,38.36243135622199,71.44792554962095,6,525.456634943981
86,0,61.34872283613327,79.68037776976414,8,427.22419830770025
87,0,33.50676427922181,64.17826879142328,8,556.6637689257016
88,0,35.52861153833628,83.05325989914763,6,448.9092966493555
89,0,36.737515486532345,65.42388024622943,6,607.8483139631014
90,0,41.99649635049434,58.774626448077356,7,739.5383620116926
91,0,52.45261938138775,60.62540765316794,8,582.2709888586942
92,0,40.046419609782724,40.963418352238264,6,726.6742934225763
93,0,55.33476815103245,71.55747544179286,7,557.0342969841649
94,0,56.67475713703903,75.72725963534305,6,468.5240439823045
95,0,40.74195935829155,47.95903739070629,7,594.1190513117037
96,0,25.616338624954786,77.21089548552116,7,697.6108636996049
97,0,38.41334447200425,43.07875848541322,8,451.32306948669486
98,0,28.36234006378566,39.14002396544684,6,699.5434623462633
99,0,39.919625989575074,72.4133644231886,8,491.0494119686948
100,0,58.77124547806429,59.25690320896765,7,485.94187916232937
101,1,28.269561696496513,34.69508195386339,5,657.8307912727929
102,1,41.19457780617461,44.015617625592554,7,732.1640645447628
103,1,55.49590448827816,72.97192651862323,9,451.0301801256921
104,1,24.029898716916605,32.928631854941564,6,557.7213324482569
105,1,64.08583428088625,68.23611413106696,6,758.6014268066024
106,1,57.648249753957586,58.590601954709605,6,508.35564799997024
107,1,50.10076409151672,54.633255446086544,8,554.6796637918735
108,1,34.642103091401665,41.90955359963479,8,686.6249655828826
109,1,59.18195125720361,80.77514920065488,8,600.9106663269627
110,1,69.38341573227798,76.48882425486009,8,722.4684962628512
111,1,31.96297900902886,45.39289508579579,6,353.8127505491759
112,1,32.06589041137431,74.72375306422836,7,601.3395202354783
113,1,57.56957435675487,58.79246582818184,7,242.4144689465469
114,1,31.737175033284572,72.32047574726863,8,704.3824161616102
115,1,25.33232662436243,32.89188720566587,8,494.1326949951747
116,1,41.009841128038545,60.015288173373136,8,671.4109817455267
117,1,31.782241194637248,65.46583661858023,5,669.0203649665609
118,1,27.53499123043822,46.82325430890973,8,581.8872365136008
119,1,26.292027016594997,32.21192673374604,8,445.1702493229245
120,1,50.477862808080005,53.670444376924266,7,600.7986760870449
121,1,31.588305084352367,72.36755199451044,7,377.7687387230329
122,1,48.67180113946824,58.862667864312485,7,317.92743150893006
123,1,27.16196521760408,33.55306383658147,6,436.11792494533825
124,1,40.754586311031574,52.55638184307026,6,475.3363904623932
125,1,41.28052455851659,43.32062139414634,7,492.0973774908722
126,1,65.42029678606714,67.31672812186157,6,736.8278543972455
127,1,34.45784194373704,57.82526178232221,7,419.5518771731803
128,1,25.861782452771756,28.064510455774325,7,599.993526699862
129,1,21.78945737163719,41.08623850475208,6,498.1878834079296
130,1,36.22534602159967,66.12788579689774,8,822.5233749491351
131,1,38.352107505270226,72.66483641961872,6,468.7929465291369
132,1,31.420255160582347,44.308143945156054,8,465.741271967232
133,1,54.91417930936091,60.71911030478735,6,635.8426497834458
134,1,20.49791902620221,32.885591396576665,7,395.449445784469
135,1,33.557834449718534,61.848729650489716,7,419.29533896376773
136,1,24.3280688691859,79.53214042287148,8,400.42301148049137
137,1,32.03781620195906,52.16783236692557,9,602.1239859821422
138,1,48.69706208671523,55.01877403355637,8,561.7843627322977
139,1,48.43223849907069,53.63875131461143,7,428.5161469227595
140,1,21.841629428973974,49.83372498238301,8,354.7772337085275
141,1,37.690331398583396,68.2174051447216,9,460.9945547335851
142,1,34.80585668858413,55.54660609363536,7,633.9779385746414
143,1,51.96079165674358,54.01603256328829,8,224.2451752160365
144,1,39.977061001475285,53.45583096354354,7,703.5907646838424
145,1,35.3116731799351,39.53446949442048,5,490.96794754934706
146,1,47.00254810988361,81.3975086551044,9,662.1526924686875
147,1,22.563394244927885,63.30803958569502,6,438.9838538985369
148,1,55.03153780621723,57.83621691494684,6,585.8189058930536
149,1,44.05152280556539,52.207443424578976,5,673.2375175287867
150,1,23.13534727645883,49.178804777415465,8,427.1934294946148
151,1,41.61313163120663,49.81150011984023,8,634.652081182899
152,1,31.34822403803967,45.6377248933084,8,445.0899566920657
153,1,34.158171337853105,80.53612863554156,9,659.8395647445526
154,1,51.90264029686447,61.16566698564679,7,495.79239028506515
155,1,30.53866088897621,55.68539444825978,8,342.05802943481007
156,1,33.80728115044907,47.27154187675609,6,313.7423409813664
157,1,30.02846506155616,71.10386634557773,8,750.8361789067254
158,1,34.0445898389096,66.23514731029198,6,489.33592773749325
159,1,41.24650087947839,58.423453887999116,7,360.18182528317294
160,1,39.453831462901874,53.849968731627186,8,836.5752198333985
161,1,39.00021534497748,52.72433644686394,5,687.23975429913
162,1,43.21650964191757,49.46932718514908,6,662.5529516065386
163,1,25.435722744903433,56.7199785692833,7,552.3418639950771
164,1,19.833062238924764,33.12052620536008,8,437.13586153514814
165,1,27.377016768641496,31.995670712038315,8,718.6986686079084
166,1,38.02557660890558,40.13638919449724,8,482.136819443598
167,1,43.826414059317564,50.31973378764101,8,495.2689185543975
168,1,57.765519058259805,67.61006011812725,7,526.2658738946809
169,1,30.28319192960472,69.209550749707,8,536.716279460382
170,1,39.48433381171597,52.614083047809466,7,692.4965055703784
171,1,39.305758912437774,43.30970028229908,5,353.19222631589423
172,1,36.135915357198,57.00884382066218,9,617.1907047470092
173,1,54.33477163433619,56.80658896321264,7,661.979297296017
174,1,62.56855020295517,65.47711354229787,6,566.2241988267435
175,1,30.494045297025497,69.72693505257624,6,647.5784488279254
176,1,31.70986762992767,59.66552053490547,8,425.7601947475606
177,1,61.36239578889723,63.16862500548178,8,733.7012046583945
178,1,43.974193290469366,55.465874837160655,8,742.9262530120236
179,1,48.939928836823,56.82647097878158,7,494.1793091817174
180,1,54.45751995095694,64.36877196793799,8,421.93864790781356
181,1,48.68123246231559,60.17661190014507,8,604.1860364005546
182,1,32.452050447209984,35.962426691073915,5,480.1878124844917
183,1,36.69252511699502,45.862287481152066,6,608.5203044883506
184,1,36.38330989408921,46.26562529501669,8,328.5173439351191
185,1,38.20396243494683,51.27377746847622,8,389.8288305189741
186,1,26.418078025073143,41.70635143061425,6,448.25571138903075
187,1,40.03778070714353,57.90578848331627,7,591.3335448044893
188,1,46.87266544637504,74.83581119148174,8,610.7014772944807
189,1,58.38252151377841,70.24181431117195,6,636.2323866484442
190,1,42.2424859778826,46.558021464107156,7,871.0638805283593
191,1,34.680239828834274,50.42907898761648,7,556.7936883718208
192,1,29.144048529166284,81.9512074304495,8,647.4780259520795
193,1,49.431168781567656,64.76834764183165,8,801.6568683635371
194,1,48.49904176902304,69.00090603543367,5,616.0238450355757
195,1,56.66033704005104,64.9140688514007,6,564.9222675181433
196,1,26.334768242626136,54.99210879302858,8,564.015306465974
197,1,29.885127732890826,50.23970043795712,5,858.5932751266789
198,1,49.01886290434892,54.874190801355404,8,400.7175403762785
199,1,36.571628003237834,44.11336303523266,8,497.4955012200826
200,1,19.08258558484855,47.760540695581874,6,818.172616160712
201,2,46.042859823584486,71.31673803011358,6,468.2756640339815
202,2,37.319400750736705,66.97238850572573,7,680.7572609609649
203,2,34.08395407500987,34.44572271476265,7,513.1006902155392
204,2,38.427810378359325,43.448258555759274,6,697.8847750583236
205,2,41.313346837098614,51.08007761892623,6,693.1976213062835
206,2,37.52527083364307,54.98650437225941,6,842.5621608666977
207,2,42.752477544662824,44.28321508547434,8,750.4693836021555
208,2,32.895737530233745,37.556758371752125,6,348.0485517348219
209,2,41.94591397237595,42.359752478054794,6,681.2856756453879
210,2,38.47991485761133,42.07903901432424,7,739.6366876133134
211,2,51.262542578939616,60.04982542358009,6,543.5862247038409
212,2,69.71183279872517,74.62220578221489,6,347.0979734736151
213,2,73.98192351922671,80.6623487375843,5,653.9535143243243
214,2,28.752564757603995,83.19209155793672,8,573.8883542600374
215,2,31.54836098782444,78.07902503840829,7,740.8131162158636
216,2,41.91808584976326,48.89833183218367,8,623.3663799937056
217,2,28.535344313804533,50.6424190499121,9,617.6471033547188
218,2,29.00326612979228,74.22188987195173,7,693.4322367021189
219,2,31.640727131506154,43.868790064316556,9,636.5318507363421
220,2,35.718012139498775,56.36241823330896,8,622.692226523922
221,2,45.8619162173376,64.94854694785624,6,755.7554233580361
222,2,33.08573995445208,46.78066869194606,7,578.5571021556399
223,2,39.11661915930019,41.000270011202176,9,580.1263312291826
224,2,39.72105652985439,63.0195245558161,7,685.5254773151902
225,2,40.82525076229369,69.45437062801473,7,660.9290997997814
226,2,22.422626501999858,33.216210783019235,8,465.86310811576845
227,2,18.058088150291397,28.938762345370538,6,586.3961134729032
228,2,40.29804662392712,43.884900790108695,8,739.5990789978796
229,2,37.96439526966089,57.550309767692454,7,619.4666746113903
230,2,57.06821120727321,60.88266681451548,7,439.94394419239455
231,2,31.513044056611683,62.836104664397965,7,435.6931252104855
232,2,27.47701288545644,80.06961380302258,7,568.3472602914937
233,2,30.196984427403567,48.49428893676132,7,504.120725262844
234,2,48.56629083430052,53.119675373649955,7,476.6900831043938
235,2,45.507386620891396,52.8902399731112,8,508.2136469184447
236,2,28.53435999528149,59.04172434919894,9,547.4567395830773
237,2,53.962226463808335,69.30699331278659,8,455.74175778452184
238,2,42.17638745722872,48.870146977833244,8,413.6645624209902
239,2,34.674669246761695,52.62557468147364,6,466.11672128195073
240,2,42.51534773179948,49.80462198266706,8,607.5661017048064
241,2,50.07380354130531,60.46245752607614,7,397.85793838294023
242,2,28.719487923150393,45.94414215382547,6,459.559536117638
243,2,56.68031741567647,57.66649338193704,6,556.0841039161389
244,2,33.390480950165,36.18827495247258,6,624.8247544644715
245,2,49.94507784474222,70.56152954663818,5,576.5433777157297
246,2,44.625930658356275,51.97821371348244,5,646.9892807187243
247,2,35.65279058916088,38.75146892482667,6,499.34769507748837
248,2,40.921624479028026,74.55737852128341,6,781.396562685811
249,2,37.87739322106499,45.5489215947359,8,786.4034802413719
250,2,36.14676056081872,40.993750422750956,8,559.9137481315744
251,2,29.68588046635426,45.69162991318084,6,568.3390472579385
252,2,51.905862625278104,64.649149809216,7,638.7642809623951
253,2,45.09920295617986,55.88718583458429,8,632.561617445262
254,2,37.36837025987724,50.01045303903535,6,512.8720258951876
255,2,35.217234337239454,50.26519469175116,7,611.4649591930872
256,2,46.00912714687248,64.08744673163343,8,573.6520313171925
257,2,22.998575250315902,35.004943453868556,9,433.21981220401415
258,2,34.68982675804926,43.33053541586697,8,689.9611314603569
259,2,35.96224420655176,70.42403818242937,7,495.5824018585175
260,2,37.62674586426888,48.19719204053282,8,443.4559606411827
261,2,30.34880492150567,42.52398031577081,5,697.5778573362459
262,2,53.92184466247812,57.645260418500904,8,605.8246422185483
263,2,43.96067743299995,54.24321705034259,8,481.347150924941
264,2,48.75066745708581,68.74927781664704,7,620.0626390021912
265,2,42.847046702400505,50.650805239058464,7,551.7250197086778
266,2,61.9740940332523,70.53709658808339,7,476.78724300802486
267,2,40.3184808938603,64.1036340477971,8,457.2241176365491
268,2,37.635044580286234,37.77294587767748,5,662.9270461184013
269,2,44.70583239749615,54.71659741016825,8,670.7593313948239
270,2,48.02170384858696,59.008374862203496,6,546.5443299517827
271,2,49.541508224853246,60.37575391899692,6,573.4695077098229
272,2,38.88945283557304,57.62555411207893,8,654.9196873999742
273,2,30.194080122792293,65.60879303068353,8,661.9572343913317
274,2,45.94249758763632,51.40945774545787,7,528.3190489660193
275,2,34.232593994655446,51.390772892719,8,522.0458097627937
276,2,12.876260943804924,49.512075616409604,8,733.9664970108562
277,2,29.824720116848614,42.774565411552146,8,629.8394917663918
278,2,40.70256429226175,66.22253616922323,7,266.0912185943077
279,2,47.570581053253434,56.43484100775691,5,872.7314903496432
280,2,36.12072853308358,38.48340793439675,8,524.5405432849232
281,2,54.48360074053494,74.77999637398064,8,713.1905714154716
282,2,47.89005868134397,54.07280274965272,8,650.8828079539991
283,2,30.318945184693206,51.69982945794387,8,711.8553628653044
284,2,46.70536325955216,73.88142894546483,7,818.8696085142859
285,2,50.24089876888995,76.00349708330111,7,626.036323409179
286,2,49.89660259280251,52.21012006733278,8,465.51677990232207
287,2,27.090437600329373,78.90446298288984,8,645.3184579333991
288,2,58.96922069090469,62.389985562150336,7,672.7433233518675
289,2,40.94249080580812,62.43088306941293,8,725.3882452192925
290,2,39.58592170625499,45.0440701882515,7,755.4196820506675
291,2,45.36091757906018,66.4653790253693,7,441.86472598800094
292,2,49.703839935240254,68.04272712415226,7,753.3291577404225
293,2,24.268518212959968,32.54461542758009,7,698.5709216088471
294,2,33.39177503181098,49.02322126231961,7,677.4391212285129
295,2,37.59803033129345,50.073885026861404,8,439.08200503755666
296,2,49.69437513177299,74.37925019717657,8,589.977599624156
297,2,33.88085356562489,52.23520902676004,7,479.38550535019687
298,2,35.882884831354076,46.09690133378619,7,376.95601721216144
299,2,47.438963427050545,51.15161586858973,6,495.60524469451826
300,2,46.224346778458276,52.924411410813484,6,616.0910536261746
301,3,31.429261384936048,47.68111234157876,7,768.8224615062044
302,3,52.872257881721545,77.24073069154267,7,666.4103879210759
303,3,53.69647600124139,57.05730040285488,7,666.8484589236247
304,3,46.43345205658751,47.2788065250464,7,552.3145020962988
305,3,33.13703644456636,49.47762515151835,6,542.2796551564409
306,3,18.86171031503546,42.213956862702695,8,459.25486620903223
307,3,38.10775300311318,63.15173373308134,8,357.6113358498858
308,3,19.014206423921937,44.378781258858595,8,576.5460459970357
309,3,63.51556617972907,67.64327715308913,9,502.8390167139565
310,3,38.84513890867947,47.81838929896099,7,458.0839749745334
311,3,44.037482274998204,73.70884666405559,7,701.9796230898683
312,3,37.80964334664152,65.49059183836158,8,410.61222863821877
313,3,30.85904035616203,37.67567242762415,6,438.8785913288035
314,3,37.00953631118581,44.55617675525304,5,610.881773053376
315,3,51.202432498722445,70.22054463459868,6,931.0162680542078
316,3,33.341742472948525,34.53174116665298,9,723.6920651727578
317,3,53.27436921584651,53.314082675060945,7,544.0752545253204
318,3,33.66328366749466,34.13060825172996,6,742.1136862880173
319,3,30.96040957150648,34.743980125649685,7,699.308229335755
320,3,50.93379033905295,54.44178776963548,8,684.5321992541395
321,3,41.42402550539475,45.464444897745025,6,615.00712256076
322,3,52.84942736927505,59.02600354328815,7,832.9547101701941
323,3,59.433678529866,63.134005353087716,7,588.0666427391325
324,3,42.13759363362361,46.61348912397941,7,675.843571589312
325,3,36.0216322020479,87.7398257175584,7,756.0673696894171
326,3,29.355434604361395,50.37062993001154,6,453.7582934330253
327,3,21.171651337315488,39.53128885832631,6,417.6756730633167
328,3,24.614364496957123,50.93994361466138,6,348.86658574540354
329,3,15.465166310624213,45.40298159038332,7,662.9570557109678
330,3,26.329426954412195,57.46455193266041,8,376.3602461159492
331,3,23.832474304559128,58.61547129619572,7,448.9222315293754
332,3,40.18761181672363,59.24963266610563,6,615.5987308236809
333,3,57.368067344082114,79.73576617467253,8,712.673041288129
334,3,36.48809673548388,36.599617595409754,7,544.0934598016265
335,3,30.457059620428335,39.97700138385868,6,442.67221437758053
336,3,36.37145879100318,40.520468537721165,8,383.8475830799896
337,3,43.11271023389323,58.08726647934875,8,672.3372220422394
338,3,33.613546927362364,76.31535370031551,8,503.5236648860801
339,3,51.68586368843668,80.99361134265352,8,696.7108747884917
340,3,30.841351300611098,34.01539011400309,6,422.4650468248539
341,3,39.75715342862499,42.67131651065564,7,626.6445720845319
342,3,22.51036933520316,67.06998122959423,6,496.35940418414634
343,3,30.53814919411867,35.95198067585386,7,485.8264503233403
344,3,52.98655139533833,53.3023330231842,6,486.95454991537497
345,3,38.81163491366699,40.10462332345478,8,469.88067200776976
346,3,45.171406128731086,47.34660238128277,6,577.1628638888662
347,3,38.40178278223617,54.86857538967888,7,465.5190760099842
348,3,29.64842019665477,45.614989719448985,5,493.54724373184297
349,3,34.29499788578932,42.128687040403456,8,621.6435019080645
350,3,47.23110741942992,58.14819720723353,4,664.8907607533408
351,3,31.35102087638871,46.621874738166326,5,585.2520256646092
352,3,31.710464875841463,44.58909566559072,7,303.3076229211774
353,3,29.340415038622808,64.30006530757178,6,643.4976392161293
354,3,36.459545750201,41.786342690201,8,606.0866434781492
355,3,33.96003351859797,34.31366733192888,6,282.5427376045898
356,3,49.532896035787324,55.37316621789724,8,559.039358830617
357,3,45.884826175253146,69.722597701431,9,490.29001153893086
358,3,49.43155706961126,51.622757338333855,7,485.17852548325277
359,3,65.54244677524053,69.42075621287206,5,631.7464095484488
360,3,23.138580706576093,40.78154794649599,5,558.8115299072363
361,3,25.588140209305273,54.0934732663231,9,633.6780542642452
362,3,35.96218637677474,49.04382207333061,8,749.1817030776787
363,3,37.340925771558005,44.42733455054693,9,292.5444685433556
364,3,41.13445168338893,46.451266091919585,8,408.0675901975459
365,3,25.27299069589025,27.679972348958717,8,773.0726915896356
366,3,45.51868884231215,59.41712971599517,6,524.5450609847032
367,3,32.91102458002014,58.42921827149968,8,611.0071774168046
368,3,32.43701882291421,58.057631279749955,7,601.8880259202456
369,3,38.37626671051369,48.73527378751353,9,727.6749057939896
370,3,27.861040578944653,71.00026944104633,7,637.0496751413575
371,3,26.4735296403417,59.970125208702484,8,614.6069012344666
372,3,25.038576725049328,56.11754793175499,5,575.2799567895837
373,3,42.34912086815144,78.81843452469298,7,624.053572808195
374,3,59.96855758425429,63.33907566436494,7,766.8892863724069
375,3,21.98125239318629,38.437751191157375,9,629.5870690808817
376,3,35.900385341175436,59.47492819137632,9,374.27392821383705
377,3,33.80067232315318,77.21554557480616,7,564.7820328931592
378,3,63.56082833722978,66.59671150130106,6,503.70107435478104
379,3,61.91173506017229,69.71729143139038,7,528.6754416838135
380,3,51.78714348306522,69.17937003768236,7,575.0069651244526
381,3,49.72817884548607,74.80053504272945,8,326.1390640935539
382,3,32.14119676471395,34.51038316134148,7,559.0539727397322
383,3,23.09321299306506,39.51808005170493,7,465.0736112979068
384,3,50.00245645754618,55.439795585606035,7,438.8313859638131
385,3,59.20093175179844,64.72636692863144,6,708.986452737734
386,3,39.12406165217811,53.41661450474348,7,648.3040203220803
387,3,36.707269443684524,63.210666035102626,7,506.94613503765163
388,3,46.338794413160834,61.06895324264645,5,618.5939778872537
389,3,48.51128225475739,51.4755630917614,9,644.2678479316858
390,3,27.062288764740014,58.525509622483895,6,296.40567915136216
391,3,34.752654361209906,38.19363763774878,6,636.6814344496288
392,3,58.718302081580624,62.121521105029515,9,468.14800681048496
393,3,28.430256230373082,58.185873381148426,8,216.8820583561536
394,3,33.888270518691186,46.773552992414906,6,709.966947136312
395,3,21.066319962976753,37.88735520924608,6,628.3743243864055
396,3,25.38582263073119,64.04518230291174,4,426.8691907100558
397,3,27.49942911421872,46.78253757324888,9,713.3056789993377
398,3,36.60580514659703,38.893214275251154,6,225.02176319962552
399,3,38.63303461862826,61.31966389721685,5,368.2310216739354
400,3,34.63601144099946,50.78297353151212,6,403.6917764106879
401,4,30.880365980935597,66.59032821757326,6,491.43678767966117
402,4,47.570295051717096,57.81503115680575,8,731.1484649367524
403,4,26.294962703900588,46.943101071507364,6,155.4133345221947
404,4,23.01702751565286,61.567182483767056,8,632.0999472823997
405,4,49.874560893410106,52.58301115394313,6,488.2341098155524
406,4,35.10839254820079,46.878308162878916,8,577.1903093212901
407,4,66.26512246790256,68.17335269696763,8,513.4198872197771
408,4,33.78566780521953,42.02459093227028,8,468.5141169395099
409,4,18.069397833503196,73.47145473544276,8,658.9325567492831
410,4,73.28667294678232,77.61648938102623,7,836.9458803897631
411,4,20.235788677906292,35.29555028073197,7,757.5409972923536
412,4,41.27611068564967,51.793515868088,8,836.4480549451733
413,4,45.91627163367341,57.33369790315425,9,427.1091818160456
414,4,36.146791492561505,73.69911301285926,5,369.91628152101487
415,4,42.454499255864526,59.53171295199158,6,505.800530619448
416,4,24.94211537604309,82.24586574548348,8,444.14611628040814
417,4,31.59769578324063,55.24190255285677,9,854.3902653202952
418,4,33.10263224951329,60.82987338700052,7,382.96465230944966
419,4,32.26304816676934,34.76731670096464,7,589.7004626803824
420,4,29.51089480481283,44.870914341987856,6,687.964560674504
421,4,58.2907239055906,68.7980141643551,6,442.46174047199014
422,4,48.07991930570898,70.57747736460152,8,787.0140930215757
423,4,54.978960536846245,56.60815822184162,8,575.4888351768005
424,4,44.659710766446786,56.11116105811127,9,845.8523039280225
425,4,38.56687115086308,61.13430047109378,5,798.8891825802175
426,4,63.2846019027943,70.43270785811657,8,279.9577961465118
427,4,42.22714421665574,71.30204733828677,9,363.7133449079183
428,4,51.58280655903486,57.12295301914637,8,444.84447883998155
429,4,48.34765659425994,80.5677300845689,7,673.4970565660678
430,4,69.892304084947,73.79006403643908,9,508.9596830105643
431,4,30.74909561286496,46.28002815772857,4,215.11387196037794
432,4,36.51961416723268,44.77056577339035,6,559.0459105047423
433,4,38.480993386595834,48.71691616560935,8,488.35113390981064
434,4,52.761614503291696,55.02928806106481,5,613.6223735291212
435,4,33.7732968872309,34.54375287909582,5,600.3891478488638
436,4,31.254134272339414,62.42822754067552,9,326.35118534152303
437,4,54.550891630138,75.80833490984539,7,639.8085433495208
438,4,23.82138294659439,52.71259989861787,7,330.2639571817771
439,4,34.97887380757213,56.79804958746321,7,660.5966466611999
440,4,39.16292798366844,41.43686292278087,8,310.03462068239503
441,4,65.1058838068007,79.03983521186791,8,762.9903549669854
442,4,25.016486748599505,40.586796564525585,8,835.6692514622513
443,4,38.88384751977826,43.74305505704464,7,615.0355495739354
444,4,39.58772355779823,53.102161169161555,6,393.66849589058506
445,4,29.546964859860502,50.74392561141417,8,585.3756829931574
446,4,30.77518358188065,55.9660897213319,5,533.9097293301315
447,4,26.386092511922513,32.51530194191358,8,617.2307393310947
448,4,43.12822020946235,49.41078529902074,8,502.5140144147264
449,4,28.94655625579542,40.572133827649274,7,632.3183334627689
450,4,25.665773729223275,67.69395711096743,8,467.47784111102214
451,4,48.091300708505315,52.4185055538899,6,514.5360293378096
452,4,35.623086398625304,67.35824732854005,8,590.8749023401701
453,4,58.14850110800695,59.35271015601476,6,756.8111241694512
454,4,53.983271534036135,82.67831028579388,8,724.221830376428
455,4,45.90508475542102,57.92686176236954,9,576.9009193167376
456,4,23.600142698397747,56.76429966543882,5,567.201424425881
457,4,36.35061135199457,67.95874944268738,8,522.3161055988188
458,4,32.597452862999006,43.16952937776398,7,599.7219320092503
459,4,37.70568637969424,56.39297110628946,7,828.4992811278794
460,4,34.91295758133157,68.70838374554154,8,672.0584701370909
461,4,34.76947108684031,53.025116134339385,8,816.934349255156
462,4,31.045221401667714,43.52547797695187,8,705.9445652893846
463,4,38.39458938498997,53.5419477268899,6,398.9275078450719
464,4,45.43083130804937,58.16748876103587,5,389.89056766164936
465,4,28.45659622666876,53.334842304082116,4,502.0450750774091
466,4,25.756474479384128,48.835163520171136,8,836.5410814074432
467,4,21.39709969737593,81.61386099691964,5,505.91158545828125
468,4,33.679979856269796,49.39461103264547,7,663.0720234011081
469,4,35.60499079567005,52.52478857348049,6,501.51617735832673
470,4,51.00535643530204,55.00228041220791,6,464.1608002155991
471,4,40.07103821962278,50.86931321977839,8,826.6559834043012
472,4,54.11810225806549,71.71279773039157,6,468.19388675364553
473,4,34.190162138765714,60.27828535638092,6,631.4310074330676
474,4,42.03288348429588,77.26035045400927,8,480.1124097496199
475,4,48.88187996569995,57.3286763425606,5,519.1326400690355
476,4,59.45322834273438,63.258057544978975,7,609.0501328156106
477,4,52.88445347889288,56.01588819364798,6,770.5079044782617
478,4,44.89467514846419,62.90558540802958,8,457.9901650918238
479,4,32.60419107281519,54.469507658308196,7,723.0857186575771
480,4,26.481098621387947,63.94029347681157,7,701.7237780902286
481,4,49.39639187320491,55.32605983305526,7,871.1407917633469
482,4,28.024536125269176,33.92888104729689,8,618.2372341951638
483,4,41.28786569612137,69.69791863918451,6,461.7261041061424
484,4,18.43908405355458,48.74713300274772,7,765.3867448740212
485,4,31.775961619663715,62.96509702705953,8,486.51012128239495
486,4,20.42351643194029,44.28379428089039,7,541.1479291802899
487,4,31.103305382718183,33.54228915403175,6,618.9446308096062
488,4,34.64500787839408,40.891501554466856,9,386.0666087706507
489,4,34.065814102853636,35.92926509461013,9,639.9962407577358
490,4,33.84145979230104,55.73078210201935,9,524.2014483737631
491,4,44.27100993411327,50.18885506926869,8,686.3116058237098
492,4,22.890055300676607,40.678753875767256,8,633.0920265430109
493,4,35.90466135623955,61.45729613561721,6,396.0768563053682
494,4,38.77063406454478,53.434774942564175,6,418.50539285464583
495,4,35.937657216007366,59.01967472423261,6,702.027565225473
496,4,30.893977089086356,77.04090265565758,7,673.3291891546435
497,4,47.644573801769944,50.89240301448912,7,703.4163512174727
498,4,39.114520086491325,56.232146884598684,5,656.4058944071337
499,4,50.909916244424835,62.10438118159388,7,379.8237611156153
500,4,29.75013682122008,59.249082331235634,8,819.9846872881719
501,5,49.97104687749918,56.839767005918354,4,587.5213795035093
502,5,48.78056919581898,53.81008223972749,6,468.8937843274861
503,5,26.83901550750087,40.12705167994282,7,424.98000643228346
504,5,44.850592416481526,57.933718344390364,6,657.7059001867261
505,5,31.28057143484498,78.5705440841134,7,532.5717930585087
506,5,29.504985399641622,38.01103021299526,5,497.65152778557325
507,5,50.47985530357166,55.750390913815416,8,807.3702269545342
508,5,35.72330529907812,55.05345523740579,6,621.6526722875989
509,5,48.81093086276358,63.410068005583675,8,523.5155095112369
510,5,25.353498513108615,43.71437352224481,9,335.9979830860262
511,5,36.190630741087624,70.59089923852493,8,580.5481653132921
512,5,26.39287661042697,54.2340843278934,5,811.565446657325
513,5,43.79235690869043,50.24069766761484,6,458.80399541912686
514,5,33.29219144368072,37.759625877629844,8,845.3764053525682
515,5,35.45304900972631,44.830492531633304,8,499.5642730905224
516,5,22.310293569536743,45.50028447305499,7,452.7164742892826
517,5,27.084142373153604,46.24394577933786,8,519.5449085782998
518,5,28.738703280206572,41.41297713502038,7,782.0896584318918
519,5,16.15179933760857,33.66526182840828,6,494.5216265025364
520,5,39.65771989928375,49.97303087351268,6,531.8724245933919
521,5,42.79738223354235,58.04029731508295,7,596.0754965334186
522,5,39.33818001415955,51.21907200070776,6,501.7272670406335
523,5,43.08497926087707,65.28345618836025,7,504.9079644815211
524,5,49.35938331230909,56.273291864100315,6,666.5314684291341
525,5,15.409845955525551,55.63399367009189,7,465.4429200845801
526,5,35.24943876198141,45.245328303690734,6,617.5315587037829
527,5,34.732688615082964,50.94410458572346,8,469.26288878983553
528,5,33.80039769180847,42.15770656133813,9,513.372035287412
529,5,35.625048818887194,41.14422621765376,7,596.7895240512192
530,5,37.801898509573036,38.30833408837661,6,643.4856199992909
531,5,57.989553052414955,74.06006717749031,6,622.9860641713847
532,5,45.605405909422835,49.27677078341369,6,545.6354326655345
533,5,49.38765262479295,73.11545895663035,6,615.6140657595311
534,5,24.103824553469416,58.37290931627146,5,513.2503533550623
535,5,28.944308977767253,64.21617697287795,8,546.3356382428029
536,5,31.83890763409743,60.761914612031624,8,708.8735913324621
537,5,54.64740701972283,81.82426100226569,8,572.4485968160419
538,5,30.697184411238695,40.89677802435649,8,627.1137162069308
539,5,40.28009580201076,46.90841022637558,6,438.3845772477822
540,5,48.79969192952521,56.426697256823665,7,580.3373438691037
541,5,39.27412876574326,40.0128004905265,8,680.8077700771594
542,5,35.43074887733063,59.925661481348946,6,751.4961500861589
543,5,48.64490172562145,55.8766521906483,8,868.1004469089779
544,5,44.7097893441533,47.439902147879764,8,392.6389516968765
545,5,49.20304281752465,59.914865074359014,9,483.241194497452
546,5,39.60074968737238,39.63552947569339,9,407.1194896808463
547,5,27.338799637571665,58.14798972155179,9,607.5192875395741
548,5,30.666202992044678,64.11303077054302,8,435.9651749370621
549,5,36.72803980902455,43.996906860438315,5,739.2822303125206
550,5,33.21625522198467,41.97455630514,8,706.3741133483238
551,5,32.72496887851008,43.9636408551485,7,514.3004790751835
552,5,47.10062884530751,72.08063617146755,7,500.5043321300816
553,5,26.384580484475393,29.96716889847679,7,608.407004242711
554,5,23.317329795039736,53.007727205630246,7,480.76416363957907
555,5,50.65663249550342,58.06315503837842,7,651.9679964026801
556,5,67.58932799119512,79.27087148992166,6,479.2534819239992
557,5,44.38723265980584,59.70231097620655,8,392.97752572887225
558,5,32.722459746103844,39.44764784340905,7,730.4032413927262
559,5,56.22162641716523,57.38896608993296,7,876.974907238941
560,5,43.97184816885984,51.83897916366122,8,518.502067405572
561,5,42.80879807743727,60.46664088870525,9,543.1908475948926
562,5,20.101356848903613,53.127410477182,6,452.69313587849103
563,5,52.160531154166236,60.72043699942529,8,664.0892220976801
564,5,42.89944019954784,46.316072847816855,6,552.126793159363
565,5,59.49718409438681,62.74798125715036,7,563.802691936669
566,5,35.34627564783341,43.7814667455324,7,662.2643961851462
567,5,25.066212092452055,48.05118445359808,9,720.0021444593887
568,5,36.79726897783134,62.39874291495376,7,896.365824635964
569,5,22.012816866225585,54.760586402241344,6,742.8503180898994
570,5,37.69211433660878,61.47514279090095,7,554.9508095963259
571,5,69.45304735007196,75.86774044960475,8,778.4894782819628
572,5,37.39747489437168,38.43014624974123,7,455.4452469658458
573,5,41.036741675965985,64.79279364661716,5,516.4814676906186
574,5,21.73681387832919,57.73473355818613,6,624.25103748488
575,5,55.97477155938613,61.24318268806765,4,478.9307936065604
576,5,42.85732761246149,76.66917733129353,8,570.8143017895015
577,5,16.036849993217277,50.36914428263961,6,429.67544074056127
578,5,19.117855605637438,46.697833304932885,8,571.1533800189354
579,5,38.237569661101475,55.664479209514205,7,711.1817145223531
580,5,68.3440212101728,71.76186344281848,9,503.36444064264253
581,5,42.25321190906257,53.9264898454932,7,404.01091411150014
582,5,50.25195863139317,57.689990107972626,7,384.5472456969049
583,5,43.38800219503272,70.80621627877501,7,559.4965709006074
584,5,22.982190956384912,32.87842497532647,5,528.0284203910211
585,5,36.43551777157019,42.02619834956785,7,551.0788908642457
586,5,25.33709331479393,51.00950450192764,6,765.3935467930747
587,5,26.987035709444932,60.83711581110818,8,507.8488073513573
588,5,46.0996516514215,46.258512818323965,8,418.04746407064493
589,5,47.204808022876946,65.60466548123117,5,826.4717648157688
590,5,57.338778400218054,58.64606847809169,5,649.98009920444
591,5,40.903814454245804,49.64699223776506,6,515.4941586727388
592,5,41.95590115409621,50.493149879739256,8,614.5126116354884
593,5,37.96290708977097,46.843504664872825,7,410.55116120368393
594,5,25.14768182365708,43.5244377311496,8,658.4635857330582
595,5,37.194828514182774,39.66038743254174,5,506.9981699932915
596,5,33.87037278722352,39.428547642788544,6,182.86355162387196
597,5,46.927522223733774,65.55428003139511,8,703.8991510709683
598,5,48.19466382577342,49.044630941170354,5,789.1823049008445
599,5,35.16666138459148,60.649528427960306,7,655.4206058073341
600,5,40.561442194940284,51.064525478187214,7,692.9182612625818
601,6,27.44605251157329,58.12842085569484,7,564.7102549158088
602,6,37.395870660441204,54.59711058321261,8,690.9806353290485
603,6,46.62060674282774,52.53371722218979,8,670.2014443525055
604,6,39.64288898696353,73.12785788890972,9,658.4863185243747
605,6,50.587069634637416,51.375437272266105,7,610.8929838912459
606,6,44.09043713460168,77.67574494528888,8,619.5997285310716
607,6,28.53390019911581,66.405464368329,8,466.58098431304745
608,6,24.175063756207685,67.52957346215024,7,478.34115270592144
609,6,37.312272855924775,57.233635872140255,6,348.8459586787535
610,6,33.10992797088085,55.264787377248496,6,302.9194609245525
611,6,17.70321306828707,73.43388287018752,8,734.0208709643182
612,6,31.022573507064287,39.83842891232874,8,887.93556378542
613,6,40.928218067177,46.99090919055955,7,780.7069195972069
614,6,35.55956802958165,66.64396841613208,6,740.4915661599928
615,6,54.84805422186112,75.90779882036662,6,585.5503771121039
616,6,15.253948036200907,34.926266835577096,7,542.01045831352
617,6,58.90696309306393,64.23446694232375,7,502.77743838990114
618,6,51.86354286088325,55.012288146993384,7,347.19189317927237
619,6,29.048525874151554,57.67571495076628,6,732.8982163314711
620,6,42.383417099638045,48.43457754864574,5,643.9310230032047
621,6,29.491891360445948,36.40722297713522,6,518.5840306953913
622,6,53.097454387359335,64.17553174616124,6,560.2746594454843
623,6,46.94694024135819,56.39827399314528,8,638.3268923227503
624,6,42.815266323607666,43.76634614400487,7,540.6341872210944
625,6,23.860204034291144,41.12706716833169,7,551.8655044968943
626,6,33.447668165369755,70.65774289511738,7,502.40233738108947
627,6,50.79021251992957,53.00669589166576,6,600.9596211642806
628,6,35.446770821242964,39.8781540846942,8,283.9498705919729
629,6,32.92275342591155,52.82080433960679,8,562.4002058853648
630,6,49.15714420950514,59.320072564319624,7,761.6982623124753
631,6,36.81837128692523,51.83961008165663,6,649.7141435481241
632,6,43.070801987143554,56.19451107802563,8,781.9256328878423
633,6,33.961788184632255,45.14489806316538,8,740.6232462179429
634,6,54.17179627924637,67.30463915472949,6,420.0021381837993
635,6,30.10582314746602,55.59680791582942,5,566.9556271521924
636,6,31.603412517769346,40.23049960037705,9,558.2581394169151
637,6,46.96517740637535,64.03949695183734,6,662.0360650424975
638,6,31.2144715978228,65.42641823365159,9,542.4954406091372
639,6,32.65276836743638,53.67822462679914,6,430.2945542565611
640,6,46.929672962870235,70.55418515404384,6,487.1610370753055
641,6,45.4728433640529,48.25197530949797,6,526.7946683200796
642,6,19.067581231968298,69.18339014183084,7,464.03221766114365
643,6,28.759811987403033,44.56960280922948,8,486.15825771855634
644,6,50.42618359041626,71.03174445711895,9,439.94457770711347
645,6,41.3495755009847,50.186838698674364,8,449.0371103340229
646,6,43.29523493391046,56.29876914600054,7,487.52220432517913
647,6,45.263754222606586,55.88744054194618,7,541.3332434751392
648,6,47.856726594470004,74.73978171256005,9,682.1794476530105
649,6,36.36609147571235,42.28869181404156,6,146.8669196736185
650,6,24.18629221959913,37.24025288023583,7,466.9242111520923
651,6,41.49706274310377,53.80731014036299,8,716.301876006201
652,6,34.65681818012731,51.961092033223586,8,750.6389604281565
653,6,25.680114070453712,51.68380735280677,8,438.7409389555826
654,6,47.12416803565255,61.88700495972121,5,615.9035090851035
655,6,44.49679904009597,48.316233715404884,7,408.9995071966035
656,6,34.49124500086494,62.79905227184491,7,505.3976085258769
657,6,50.159719716895886,59.857208642422236,8,466.40227679944485
658,6,33.62322463980476,64.19715032587452,6,477.31828899909317
659,6,36.81962310396858,41.6854791095142,5,766.7358486271474
660,6,46.59186459029292,64.06489002234453,7,792.6980923076968
661,6,27.72918030266434,29.303429415709534,7,205.9367965675898
662,6,48.108636771664344,54.21507470154521,8,353.61519585631356
663,6,36.41086922856273,43.350711096572745,7,751.6058782696128
664,6,31.477129195102766,49.6248056604539,7,549.2664951719047
665,6,56.06978953678318,71.4139551663438,7,387.5864555597236
666,6,37.34011100527411,74.65641541054376,7,531.8599366471115
667,6,36.938797236563715,55.199078995516274,6,637.2519206566545
668,6,43.48688103919273,51.98046224792109,7,508.60299780814273
669,6,29.80241964898581,56.73695347950263,7,598.8243060198988
670,6,41.34188872148665,48.03221062822603,6,413.08517542563095
671,6,17.572664158352488,76.54232990167064,6,402.5541139422854
672,6,38.139398718279494,39.77813919036399,8,548.7620943584495
673,6,40.645483385190026,53.26179017490049,6,622.9019683102819
674,6,34.62571503029508,38.19522205152461,7,695.7246525501714
675,6,32.94098073401237,78.3071290587099,5,688.0034114627103
676,6,31.047508543498754,58.6405603811171,6,513.1603791523123
677,6,33.979056859018016,59.035256811019124,8,567.2348682609969
678,6,34.10884489894319,70.46094095447384,6,644.5254999759024
679,6,43.50168179465121,54.31122911178115,8,582.8367634151983
680,6,32.613138854782335,39.888259482086525,7,440.7690151169042
681,6,31.116653445468042,60.06013541340595,8,646.8628104460865
682,6,36.236421492299925,64.31203288704904,7,253.2997247952958
683,6,28.161225414824674,70.75715100192093,7,242.3078905961246
684,6,19.27316931063072,44.02183063842162,8,537.2496839546261
685,6,30.134924876795907,66.82249272588061,7,690.0022334262844
686,6,50.06354763373555,59.2661088887951,8,577.1127451619928
687,6,55.159666074754696,58.35904664655352,8,538.285164343457
688,6,50.22154416002162,59.334384954506646,6,801.7400580012792
689,6,47.46675968800726,54.557671550903336,7,303.56033009955314
690,6,54.03631642729229,56.43939808384511,8,539.4279276486377
691,6,36.43945168364026,63.20042987704803,7,838.8277900926939
692,6,43.793747921091686,59.74334940093051,7,646.5765104851268
693,6,36.96696465377681,70.98739641405432,7,545.0179057113997
694,6,35.60531240523299,41.542525491921225,8,483.6594925905849
695,6,43.80097604175841,73.61039446449303,8,474.38123814230016
696,6,38.554412986722,65.75881100975079,6,521.0017589224744
697,6,33.545268197735986,33.66007013900171,8,697.9837337558838
698,6,31.170441679721733,60.41749433436215,7,571.5173250870116
699,6,28.890080608665745,69.67219104143294,7,536.8501499709266
700,6,20.368198227771046,40.99944107492077,9,656.5521133168454
